{"cameraMode":{"drawMode":0,"name":"Shaded","section":"Shading Mode"},"sceneLighting":false,"audioPlay":false,"sceneViewState":{"showFog":true,"showMaterialUpdate":false,"showSkybox":false,"showFlares":true,"showImageEffects":true,"showParticleSystems":true},"in2DMode":false,"pivot":{"x":-9.59000015258789,"y":4.521604537963867,"z":0.7413230538368225},"rotation":{"x":-0.07551278918981552,"y":0.8817668557167053,"z":-0.15118710696697236,"w":-0.4403894543647766},"size":21.226594924926759,"orthographic":false}