{"cameraMode":{"drawMode":0,"name":"Shaded","section":"Shading Mode"},"sceneLighting":true,"audioPlay":false,"sceneViewState":{"showFog":true,"showMaterialUpdate":true,"showSkybox":true,"showFlares":true,"showImageEffects":true,"showParticleSystems":true},"in2DMode":false,"pivot":{"x":605.5364379882813,"y":17.40958023071289,"z":613.5734252929688},"rotation":{"x":-0.18748225271701814,"y":0.48208555579185488,"z":-0.10650629550218582,"w":-0.8492868542671204},"size":15.39245891571045,"orthographic":false}