{"cameraMode":{"drawMode":0,"name":"Shaded","section":"Shading Mode"},"sceneLighting":false,"audioPlay":false,"sceneViewState":{"showFog":true,"showMaterialUpdate":false,"showSkybox":false,"showFlares":true,"showImageEffects":true,"showParticleSystems":true},"in2DMode":false,"pivot":{"x":550.911865234375,"y":58.189998626708987,"z":425.2023620605469},"rotation":{"x":0.13285820186138154,"y":0.3495514690876007,"z":-0.05018732324242592,"w":0.9261177778244019},"size":1.891885757446289,"orthographic":true}