{"cameraMode":{"drawMode":0,"name":"Shaded","section":"Shading Mode"},"sceneLighting":true,"audioPlay":false,"sceneViewState":{"showFog":true,"showMaterialUpdate":false,"showSkybox":true,"showFlares":true,"showImageEffects":true,"showParticleSystems":true},"in2DMode":false,"pivot":{"x":554.5726928710938,"y":52.5025520324707,"z":427.77825927734377},"rotation":{"x":0.11705097556114197,"y":-0.6858823299407959,"z":0.11311755329370499,"w":0.7093238234519959},"size":28.633831024169923,"orthographic":true}